Area,ID,Perimeter
4143.685071447419,42.jpg,1494.5037381649017
