Hausdorf,ID,Frechet
47.173280051303614,101.jpg,47.173280051303614
